geography,measure,year,coverage,pp_change_yoy,pp_change_since_start
Oregon,"COVID, adults",2024,28,NA,0
Oregon,"COVID, adults",2025,30.7,2.7,2.7
Oregon,"COVID, adults",2026,27,-3.7,-1
United States,"COVID, adults",2024,20.6,NA,0
United States,"COVID, adults",2025,22.3,1.7,1.7
United States,"COVID, adults",2026,17.5,-4.8,-3.1
Oregon,"Flu, adults",2016,38.7,NA,0
Oregon,"Flu, adults",2017,36.9,-1.8,-1.8
Oregon,"Flu, adults",2018,37,0.1,-1.7
Oregon,"Flu, adults",2019,45.1,8.1,6.4
Oregon,"Flu, adults",2020,48.2,3.1,9.5
Oregon,"Flu, adults",2021,50.5,2.3,11.8
Oregon,"Flu, adults",2022,48.5,-2,9.8
Oregon,"Flu, adults",2023,48.9,0.4,10.2
Oregon,"Flu, adults",2024,45.9,-3,7.2
Oregon,"Flu, adults",2025,44.8,-1.1,6.1
United States,"Flu, adults",2016,41.7,NA,0
United States,"Flu, adults",2017,43.3,1.6,1.6
United States,"Flu, adults",2018,37.1,-6.2,-4.6
United States,"Flu, adults",2019,45.3,8.2,3.6
United States,"Flu, adults",2020,48.4,3.1,6.7
United States,"Flu, adults",2021,50.2,1.8,8.5
United States,"Flu, adults",2022,49.4,-0.8,7.7
United States,"Flu, adults",2023,46.9,-2.5,5.2
United States,"Flu, adults",2024,44.9,-2,3.2
United States,"Flu, adults",2025,41.9,-3,0.2
Oregon,"MMR, kindergarten",2017,93.8,NA,0
Oregon,"MMR, kindergarten",2018,93.2,-0.6,-0.6
Oregon,"MMR, kindergarten",2019,93,-0.2,-0.8
Oregon,"MMR, kindergarten",2020,93.4,0.4,-0.4
Oregon,"MMR, kindergarten",2021,92.7,-0.7,-1.1
Oregon,"MMR, kindergarten",2022,93,0.3,-0.8
Oregon,"MMR, kindergarten",2023,91.9,-1.1,-1.9
Oregon,"MMR, kindergarten",2024,91.2,-0.7,-2.6
Oregon,"MMR, kindergarten",2025,90.5,-0.7,-3.3
Oregon,"MMR, kindergarten",2026,89.6,-0.9,-4.2
United States,"MMR, kindergarten",2017,95,NA,0
United States,"MMR, kindergarten",2018,95,0,0
United States,"MMR, kindergarten",2019,94.7,-0.3,-0.3
United States,"MMR, kindergarten",2020,95.2,0.5,0.2
United States,"MMR, kindergarten",2021,93.9,-1.3,-1.1
United States,"MMR, kindergarten",2022,93,-0.9,-2
United States,"MMR, kindergarten",2023,93.1,0.1,-1.9
United States,"MMR, kindergarten",2024,92.7,-0.4,-2.3
United States,"MMR, kindergarten",2025,92.5,-0.2,-2.5
United States,"MMR, kindergarten",2026,92.4,-0.1,-2.6
