date,meal,item_name,description,price,dietary_tags
2026-01-26,Dinner,Italian Sausage Ragout over Pasta,"Pork sausage, tomatoes, onions, peppers, mushrooms, over ziti pasta, parmesan cheese and a side salad with a red wine vinaigrette",9.00,Farm to Fork
2026-01-26,Dinner,Lentil and Vegetable Ragout over Pasta,"Lentil, tomatoes, onions, peppers, mushrooms, over ziti pasta, and a side salad with a red wine vinaigrette",8.75,"Vegan, Farm to Fork"
2026-01-26,Dinner,Citrus Chicken over Mashed Cauliflower,"Roasted chicken breast over mashed potatoes and cauliflower with roasted garlic served with steamed peas & carrots, arugula with lemon dill dressing",9.00,Made without Gluten-Containing Ingredients
2026-01-26,Dinner,Chickpea Tempeh Cake over Mashed Cauliflower,Lemon and herb crispy chickepea tempeh cake over mashed potatoes and cauliflower & roasted garlic served with steamed peas & carrots topped with arugula and lemon dill dressing,8.75,"Vegan, Made without Gluten-Containing Ingredients"
2026-01-27,Dinner,Chipotle Chicken Bowl,"Chipotle braised chicken, roasted tomato salsa, cotija cheese, sour cream, shredded lettuce, chile roasted vegetables, cilantro rice, black beans",9.25,Farm to Fork
2026-01-27,Dinner,Chipotle Mushrooms and Tofu,"Chipotle tofu with mushrooms, roasted tomato salsa, cotija cheese, sour cream, shredded lettuce, chile roasted vegetables, cilantro rice, black beans",8.75,"Vegetarian, Made without Gluten-Containing Ingredients"
2026-01-27,Dinner,Spiced Pork with Apples,"Sautéed pork with apples, kale, and fennel over brown rice with a spiced cider reduction",9.00,Made without Gluten-Containing Ingredients
2026-01-27,Dinner,Spiced Tempeh with Apples,"Sautéed tempeh with apples, kale, and fennel, brown rice, spiced cider reduction",8.75,"Vegan, Made without Gluten-Containing Ingredients"
2026-01-28,Dinner,Smoked Barbecue Chicken Quarters,"Smoked chicken quarters, sweet potatoes fries, barbecue sauce, coleslaw and steamed corn",9.00,Made without Gluten-Containing Ingredients
2026-01-28,Dinner,Smoked Barbecue Beyond Meat Patty,"Smoked barbecue Beyond Meat patty, sweet potatoes fries, barbecue sauce, coleslaw and steamed corn",8.75,"Vegan, Made without Gluten-Containing Ingredients"
2026-01-28,Dinner,Blackened Turkey Breast,"Blackened turkey, red beans and rice, scallion and tomato salad, bell pepper dressing",9.25,"Made without Gluten-Containing Ingredients, Farm to Fork"
2026-01-28,Dinner,Blackened Tempeh,"Smoked tempeh, red beans and rice, scallion and tomato salad, Mama Lil's Peppers dressing",8.75,"Vegan, Made without Gluten-Containing Ingredients, Farm to Fork"
2026-01-29,Dinner,Beef Chili Bar over Baked Russet Potato,"Beef chili, onion, sour cream, shredded cheddar cheese, baked russet potato, steamed broccoli",9.25,Made without Gluten-Containing Ingredients
2026-01-29,Dinner,Three Bean Chili Baked Potato Bar,"Kidney, pinto and black bean chili, onion, vegan cheddar cheese, baked russet potato, steamed broccoli",8.75,"Vegan, Made without Gluten-Containing Ingredients"
2026-01-29,Dinner,Roasted Chicken with Orange Apricot Glaze,"Orange apricot glazed chicken with roasted cauliflower, carrots, and green beans, rice pilaf",9.00,Made without Gluten-Containing Ingredients
2026-01-29,Dinner,Roasted Tempeh with Orange Apricot Glaze,"Orange apricot glazed tempeh with roasted  cauliflower, carrots, and green beans, rice pilaf",8.75,"Vegan, Made without Gluten-Containing Ingredients"
2026-01-30,Dinner,Fish and Chips,"Beer battered Pollock filet served over deep fried potato wedges with tartar sauce, coleslaw, and lemon wedge",9.00,
2026-01-30,Dinner,Fried Tofu & Chips,"Fried tofu, potato wedges, coleslaw, tartar sauce, lemon wedge",9.00,Vegan
2026-01-30,Dinner,Tomato Braised Beef,"Tomato herb braised beef, olive, onions and peppers, brown rice quinoa pilaf with spinach and marinated red onions",9.25,Made without Gluten-Containing Ingredients
2026-01-30,Dinner,Tomato Braised Tempeh,"Tomato herb braised tempeh, olives, onions and peppers, brown rice quinoa pilaf with spinach and marinated red onions",8.75,"Vegan, Made without Gluten-Containing Ingredients"
2026-01-31,Dinner,Campfire farms Bratwurst Sausage,"Roasted pork bratwurst, piperade, herb polenta and arugula salad lemon vinaigrette",9.00,"Made without Gluten-Containing Ingredients, Farm to Fork"
2026-01-31,Dinner,Beyond Sausage,"Roasted Beyond bratwurst, piperade, herb polenta and arugula salad with lemon vinaigrette",8.75,"Vegetarian, Made without Gluten-Containing Ingredients, Farm to Fork"
2026-01-31,Dinner,Chicken and Grain Bowl,"Roasted Chicken breast, wild rice, brown rice, with sorghum, asparagus and leeks. Served with tomato, shred carrots, mixed greens, citrus dressing",9.00,"Made without Gluten-Containing Ingredients, Farm to Fork"
2026-01-31,Dinner,Garbanzo and Mushroom Grain Bowl,"Garbanzo and portobello mushroom with wild rice, brown rice, sorghum, asparagus and leeks. Served with tomato, shred carrots, mixed greens, citrus dressing",8.75,"Vegan, Made without Gluten-Containing Ingredients"
2026-02-01,Dinner,Garlic Tomato Chicken & Shrimp,"Grilled chicken breast and shrimp over saffron rice and peas, paprika tomato and pepper sauce with sauteed greens",9.25,
2026-02-01,Dinner,Roast Beef and Smashed Potatoes,"Spiced garlic roast beef, smashed red potatoes, roasted green beans, radish and onion,with herb and garlic vinaigrette and parsley",9.25,Made without Gluten-Containing Ingredients
2026-02-01,Dinner,Marinated Portobello and Smashed Potatoes,"Grilled portobello, smashed red potatoes, roasted green beans, radish and onion,with herb and garlic vinaigrette and parsley",8.75,"Vegan, Made without Gluten-Containing Ingredients"
2026-02-02,Dinner,Spaghetti and Impossible Meatballs,"Impossible meatballs, spaghetti, marinara sauce, garden salad, Italian vinaigrette",8.75,Vegan
2026-02-02,Dinner,Made without Gluten Pasta Available,,,Made without Gluten-Containing Ingredients
2026-02-02,Dinner,Pasta with Beef Sauce,"Pasta, beef tomato sauce, garden salad with Italian vinaigrette",9.00,Beef Swap
2026-02-02,Dinner,Lemon Chicken over Cauliflower Rice,"Roasted chicken thigh marinated in lemon and garlic over rice with cauliflower, caramelized onion, & fresh herbs, spinach cucumber salad with herb vinaigrette",9.00,"Made without Gluten-Containing Ingredients, In Balance"
2026-02-02,Dinner,Black Bean Cakes,"Roasted chickpea and black bean cake, over rice with cauliflower, caramelized onion, & fresh herbs, spinach cucumber salad and herb vinaigrette",8.75,"Vegan, Made without Gluten-Containing Ingredients, In Balance"
2026-02-03,Dinner,Pozole Verde De Pollo,"Braised chicken, hominy, poblano and tomatillo stew served with sliced radishes, diced onions, lime wedge, tortilla strips",9.00,
2026-02-03,Dinner,Vegetable Pozole,"Hominy, pinto beans, mushroom, onions, poblano and tomatillo stew served with sliced radishes, diced onions, lime wedge, tortilla strips",8.75,"Vegan, Made without Gluten-Containing Ingredients"
2026-02-03,Dinner,Ancho Braised Beef with Cowboy Beans and Corn,"Beef, ancho, onion, garlic, smoked kidney beans, brown rice, roasted corn with peppers and onions, cilantro",9.25,Made without Gluten-Containing Ingredients
2026-02-03,Dinner,Smoked Mushrooms with Cowboy Beans,"Mushroom ancho, onion, garlic, smoked kidney beans, brown rice, roasted corn with peppers and onions, cilantro",8.75,"Vegan, Made without Gluten-Containing Ingredients"
2026-02-04,Dinner,Smoked Pork Spare Ribs,"Smoked pork spare ribs, coleslaw, ranch macaroni salad, baked beans, braised greens, barbecue sauce",9.00,"Made without Gluten-Containing Ingredients, Farm to Fork"
2026-02-04,Dinner,Smoked Tofu,"Smoked tofu, coleslaw, ranch macaroni salad, baked beans, braised greens, barbecue sauce",8.75,"Vegetarian, Made without Gluten-Containing Ingredients, Farm to Fork"
2026-02-04,Dinner,Blackened Chicken over Dirty Rice,"Blackened chicken, dirty rice, bell pepper, celery, garlic, green onion, broccoli slaw, red pepper sauce",9.00,Made without Gluten-Containing Ingredients
2026-02-04,Dinner,Creole Mushrooms over Dirty Rice,"Creole mushrooms, dirty rice, bell pepper, celery, garlic, green onion, broccoli slaw, red pepper sauce",8.75,"Vegan, Made without Gluten-Containing Ingredients"
2026-02-05,Dinner,Moroccan-Style Chicken over Pearl CousCous,"Spiced chicken breast, pearl couscous with grilled zucchini, yellow squash, red onion, and carrots with cucumber salad and yogurt sauce",9.00,
2026-02-05,Dinner,Moroccan-Style Tofu over Pearl CousCous,"Spiced tofu, pearl couscous with grilled zucchini, yellow squash, red onion, and carrots with cucumber salad and yogurt sauce",8.75,Vegetarian
2026-02-05,Dinner,Chicken with Potatoes and Apple salad,"Chicken Breast, oregano, garlic, fingerling potato with paprika oil,  spinach, red onion and apple salad, sweet apple cider vinaigrette, smoked paprika pepitas",9.00,Made without Gluten-Containing Ingredients
2026-02-05,Dinner,Mushrooms with Potatoes,"Portobello mushroom, oregano, garlic, fingerling potato with paprika oil,  spinach, red onion and apple salad, sweet apple cider vinaigrette, smoked paprika pepitas",8.75,"Vegan, Made without Gluten-Containing Ingredients"
2026-02-06,Dinner,Fish and Chips,"Beer battered Pollock filet served over deep fried potato wedges with tartar sauce, coleslaw, and lemon wedge",9.00,
2026-02-06,Dinner,Fried Tofu & Chips,"Fried tofu, potato wedges, coleslaw, tartar sauce, lemon wedge",9.00,Vegan
2026-02-06,Dinner,Guajillo Braised Beef Burrito Bowl,"Braised beef, pinto beans, cilantro, corn, tomatoes salsas, Spanish rice, lettuce, salsa verde, corn tortilla chips",9.25,Made without Gluten-Containing Ingredients
2026-02-06,Dinner,Guajillo Braised Tempeh Burrito Bowl,"Braised tempeh, pinto beans, cilantro, corn tomatoes salas, Spanish rice, lettuce, salsa verde, corn tortilla chips",8.75,"Vegan, Made without Gluten-Containing Ingredients"
2026-02-07,Dinner,Smoked Bratwurst or Andouille Sausage,"Bratwurst sausage or Andouille sausage, German potato salad with boiled red and purple potatoes, lemon zest, olive oil, shallots, herbs and garlic, sautéed carrots with cabbage, pickled radish and red onion, creamy mustard sauce, mustard sauce<br />Extra Sausage $4.00",9.00,"Made without Gluten-Containing Ingredients, Farm to Fork"
2026-02-07,Dinner,Beyond Sausage with German Potato Salad,"Beyond sausage, German potato salad with boiled red and purple potatoes, lemon zest, olive oil, shallots, herbs and garlic, sautéed carrots with cabbage, pickled radish and red onion, creamy mustard sauce, mustard sauce<br />Extra Sausage $4.00",8.75,"Vegetarian, Made without Gluten-Containing Ingredients"
2026-02-07,Dinner,Spanish Braised Chicken Thigh,"Garlic braised chicken with tomatoes, brown rice and quinoa and parsley, peppers and olives, basil, oregano, onions, lemon wedge, olive oil",9.00,Made without Gluten-Containing Ingredients
2026-02-07,Dinner,Stewed White Beans with Fall Squash,"Stewed white beans with tomatoes, peppers and olives, oregano, and roasted delicata, mushroom and kale   brown rice, quinoa and parsley, onions, lemon wedge, olive oil",8.75,"Vegan, Made without Gluten-Containing Ingredients"
2026-02-08,Dinner,Wasabi Salmon,"Wasabi salmon served with coconut herb rice, roast turnips and carrots, cucumber salad and a ginger soy sauce",9.25,Made without Gluten-Containing Ingredients
2026-02-08,Dinner,Wasabi Tofu,"Wasabi tofu served with coconut herb rice, miso roast turnips and carrots, cucumber salad and a ginger soy sauce",8.75,"Vegan, Made without Gluten-Containing Ingredients"
2026-02-08,Dinner,Roasted Turkey and Smashed Potatoes,"Turkey breast, garlic and herb smashed potatoes, steamed carrots and peas, with herb vinaigrette",9.00,Made without Gluten-Containing Ingredients
2026-02-08,Dinner,Stuffed Peppers with Smashed Potatoes,"Peppers stuffed with rice and vegetables, garlic and herb smashed potatoes, steamed carrots and peas, herb vinaigrette",8.75,"Vegan, Made without Gluten-Containing Ingredients"
2026-02-09,Dinner,Paprika Braised Beef with Polenta,"Paprika braised beef, onion and mushroom stew served over olive oil polenta with sauteed kale and collard greens",9.25,"Made without Gluten-Containing Ingredients, Farm to Fork"
2026-02-09,Dinner,Paprika Braised Mushrooms over Polenta,"Braised oyster, shiitake, and crimini mushrooms  served over olive oil polenta with sauteed kale and swiss chard",8.75,"Vegan, Made without Gluten-Containing Ingredients, Farm to Fork"
2026-02-10,Dinner,Chicken Fajita Plate,"Achiote seasoned chicken thigh sautéed with peppers and onions served with Spanish rice, refried beans, cheddar cheese and corn tortillas",9.00,
2026-02-10,Dinner,Mushroom Fajita Plate,"Achiote seasoned mushrooms sautéed with peppers and onions served with Spanish rice, refried beans, cheddar cheese and corn tortillas",8.75,"Vegetarian, Vegan"
2026-02-10,Dinner,Tamarind Beef Curry with Mashed Potatoes,"Tamarind beef curry with stewed green bean, tomato, and onion curry, mashed potato with peas, chopped cilantro",9.25,Made without Gluten-Containing Ingredients
2026-02-10,Dinner,Tamarind Chickpea with Mashed Potatoes,"Tamarind chickpea with stewed green bean, tomato, and onion curry, mashed potato with peas, chopped cilantro",8.75,"Vegan, Made without Gluten-Containing Ingredients"
2026-02-11,Dinner,Smoked Barbecue Chicken,"Smoked chicken served with kohlrabi and cabbage slaw, barbecue red beans, creamed corn, Carolina style barbecue sauce",9.00,
2026-02-11,Dinner,Smoked Tofu,"Smoked tofu sausage with kohlrabi and cabbage slaw, barbecue red beans, creamed corn, and Carolina style barbecue sauce",8.75,Vegetarian
2026-02-11,Dinner,Pomodoro Braised Pork,"Tomato braised pork, herb risotto, roasted squash, zucchini, red onions and cabbage, shaved fennel, Italian vinaigrette",9.00,Made without Gluten-Containing Ingredients
2026-02-11,Dinner,Pomodoro Braised Lentils,"Tomato braised lentils, herb risotto, roasted squash, zucchini, red onions and cabbage, shaved fennel, Italian vinaigrette",8.75,"Vegan, Made without Gluten-Containing Ingredients"
2026-02-12,Dinner,Pork Chile Verde,"Braised pork in green chile and tomatillo stew, white rice, roasted tomatoes and cabbage",9.00,Made without Gluten-Containing Ingredients
2026-02-12,Dinner,Tofu Chile Verde,"Fried Tofu in green chile and tomatillo stew, white rice, roasted tomatoes and cabbage",8.75,"Vegan, Made without Gluten-Containing Ingredients"
2026-02-13,Dinner,Fish and Chips,"Beer battered Pollock filet served over deep fried potato wedges with tartar sauce, coleslaw, and lemon wedge",9.00,Seafood Watch
2026-02-13,Dinner,Fried Tofu & Chips,"Fried tofu, potato wedges, coleslaw, tartar sauce, lemon wedge",9.00,Vegan
2026-02-13,Dinner,Pork Chop with Apple Slaw,"Pork chop, herbed quinoa, apple carrot slaw with raisins and apple cider dressing, roasted winter squash and onions",9.00,"Made without Gluten-Containing Ingredients, Farm to Fork"
2026-02-13,Dinner,Roasted Mushroom and Chickpea Cakes,"Mushroom and chickpea cake, herbed quinoa, apple carrot slaw with raisin and apple cider dressing, roasted winter squash and onions",8.75,"Vegan, Made without Gluten-Containing Ingredients"
2026-02-14,Dinner,Chipotle Rubbed Beef Eye Round,"Roasted beef eye round with roasted herb potatoes and roasted cauliflower puree, mushrooms and sweet peppers, tomato chipotle sauce, salad with lemon vinaigrette",9.25,"Made without Gluten-Containing Ingredients, Farm to Fork"
2026-02-14,Dinner,Roasted Beyond Meat Sausage,"Beyond meat sausage with roasted herb potatoes and roasted cauliflower puree, mushrooms and sweet peppers, tomato chipotle sauce, salad with lemon vinaigrette",8.75,"Vegan, Made without Gluten-Containing Ingredients, Farm to Fork"
2026-02-14,Dinner,Herb Chicken over Spiced Quinoa and Lentils,"Roasted chicken thigh, herbed quinoa, spiced lentils, tomato and cucumber salad, sumac onions, cilantro relish",9.00,
2026-02-14,Dinner,Roasted Tempeh over Over Herbed Quinoa,"Roasted Lentil tempeh, herbed quinoa salad, spiced lentils, tomato and cucumber salad, sumac onions cilantro relish",8.75,
2026-02-15,Dinner,Garlic Roasted Lamb,"Yogurt, Lamb shoulder served over cous cous with root vegetables, cabbage slaw with lemon dressing with harissa sauce",9.25,
2026-02-15,Dinner,Harissa Roasted Chik'n,"Roasted Harissa Chick'n served over cous cous with root vegetables, cabbage slaw with lemon dressing with harissa sauce",8.75,"Vegetarian, Vegan"
2026-02-15,Dinner,Roasted Chicken Quarters with Artichoke Mustard Sauce,"Roasted Bone-in Chicken, Russet potatoes wedges, artichoke mustard sauce, garlic green beans and brussel sprouts,",9.25,Made without Gluten-Containing Ingredients
2026-02-15,Dinner,Sweet and Spicy Roasted Tempeh,"Roasted Bone-in Chicken, russet potatoes wedges, artichoke mustard sauce, garlic green beans and brussel sprouts,",8.75,"Vegan, Made without Gluten-Containing Ingredients"
2026-02-16,Dinner,Pork Sugo over Egg Noodles,"Braised pork with tomato sauce served over egg noodles with a garden side salad, balsamic vinaigrette, and garlic bread",9.00,Farm to Fork
2026-02-16,Dinner,Beyond Sugo over Egg Noodles,"Beyond Meat with tomato sauce served over egg noodles with a garden side salad, balsamic vinaigrette, and garlic bread",8.75,Vegetarian
2026-02-16,Dinner,Beef Goulash,"Braised beef shoulder in onions and paprika served over mashed potatoes and a carrot, arugula and dill salad with whole grain mustard dressing",9.25,Made without Gluten-Containing Ingredients
2026-02-16,Dinner,Lentil Tempeh Goulash,"Braised lentil tempeh in onions and paprika served mashed potatoes and a carrot, arugula and dill salad with whole grain mustard dressing",8.75,"Vegan, Made without Gluten-Containing Ingredients"
2026-02-17,Dinner,Sesame Almond Turkey Mole,"Turkey breast, sesame seeds, almonds, chile chocolate sauce, rice, marinated cabbage, cotija, corn tortillas",9.00,Made without Gluten-Containing Ingredients
2026-02-17,Dinner,Sesame Almond Tofu Mole,"Tofu, sesame seeds, almonds, chile chocolate sauce, rice, marinated cabbage,  corn tortillas",8.75,"Vegan, Made without Gluten-Containing Ingredients"
2026-02-17,Dinner,Seared Chicken with Pear Chutney,"Seared chicken, green beans, butternut squash, pear chutney, and brown rice",9.00,Made without Gluten-Containing Ingredients
2026-02-17,Dinner,Seared Tempeh with Pear Chutney,"Seared tempeh, green beans, butternut squash, pear chutney and brown rice",8.75,"Vegan, Made without Gluten-Containing Ingredients"
2026-02-18,Dinner,Smoked Barbecue Brisket,"Smoke brisket, corn on the cob, baked beans, potato salad, pickles, white bread, barbecue sauce",9.25,
2026-02-18,Dinner,Smoked Barbecue Beyond Sausage,"Smoked beyond sausage, corn on the cob, baked beans, potato salad, pickles, white bread, barbecue sauce",8.75,Vegetarian
2026-02-18,Dinner,Spiced Roast Chicken with Peas,"Spiced roast chicken thigh, baked Delicata squash, tomatoes, red onions tossed with spinach, pomegranate red wine vinaigrette, basmati rice with parsley, and peas.",9.00,Made without Gluten-Containing Ingredients
2026-02-18,Dinner,Spiced Roasted Chickpeas and Tempeh,"Spiced roasted chickpeas & tempeh, baked Delicata squash, tomatoes, red onions tossed with spinach, pomegranate red wine vinaigrette, basmati rice with parsley, and peas.",8.75,"Vegan, Made without Gluten-Containing Ingredients"
2026-02-19,Dinner,Butter Chicken Masala,"Chicken stewed in spiced creamy tomato sauce, basmati rice, curry spiced peas, onions, peppers, cilantro, yogurt sauce and flat bread",9.00,
2026-02-19,Dinner,Butter Tofu Masala,"Tofu stewed in spiced tomato sauce, basmati rice, curry spiced peas, onions, peppers, cilantro, and flatbread",8.75,Vegetarian
2026-02-19,Dinner,Seared Pork Chop over Polenta,"Seared pork chop, roasted peppers, onions, squash, and broccoli, polenta, and a sweet apple cranberry sauce",9.00,"Made without Gluten-Containing Ingredients, Farm to Fork"
2026-02-19,Dinner,Seared Yams over Polenta,"Seared sweet potato coins, roasted peppers, onions, squash, and broccoli, polenta, and a sweet apple cranberry sauce",8.75,"Vegan, Made without Gluten-Containing Ingredients, Farm to Fork"
2026-02-20,Dinner,Fish and Chips,"Beer battered Pollock filet served over deep fried potato wedges with tartar sauce, coleslaw, and lemon wedge",9.00,Seafood Watch
2026-02-20,Dinner,Battered Soy Chicken Strips & Chips,"Fried Gardien chicken strips, potato wedges, coleslaw, tartar sauce, lemon wedge",9.00,Vegan
2026-02-20,Dinner,Turmeric Spiced Chicken,"Turmeric spiced chicken thigh, butternut squash and sweet peppers, wild rice pilaf, and a carrot salad",9.00,"Made without Gluten-Containing Ingredients, Farm to Fork"
2026-02-20,Dinner,Turmeric Spiced Chickpea Tempeh Cake,"Turmeric spiced chickpea tempeh cake, butternut squash and sweet peppers, wild rice pilaf, and a carrot salad",9.00,"Vegan, Made without Gluten-Containing Ingredients, Farm to Fork"
2026-02-21,Dinner,Pork Sausage Neapolitan,"Italian pork sausage, spaghetti noodles, sweet and spicy tomato sauce with roasted mushrooms, peppers and onions",9.00,Farm to Fork
2026-02-21,Dinner,Beyond Meat Sausage Neapolitan,"Grilled beyond meat sausage, spaghetti noodles, arrabiata sauce with roasted mushrooms, peppers, onions",8.75,Vegan
2026-02-21,Dinner,Lemon Roasted  Chicken Breast,"Lemon roasted chicken breast, smashed golden potatoes, roasted peppers and tomatoes with lemon dill vinaigrette",9.00,"Made without Gluten-Containing Ingredients, Farm to Fork"
2026-02-21,Dinner,Lemon Roasted Portobello Mushroom,"Roasted portobello mushroom, smashed golden potatoes, roasted peppers and tomatoes with lemon and dill vinaigrette",8.75,"Vegan, Made without Gluten-Containing Ingredients, Farm to Fork"
2026-02-22,Dinner,Seared Cod Over Mushroom Risotto,"Seared cod served over mushroom risotto roasted delicata squash, peppers, and grape tomatoes drizzled with a beurre blanc sauce",9.00,"Made without Gluten-Containing Ingredients, Farm to Fork"
2026-02-22,Dinner,Seared Tofu over Mushroom Risotto,"Seared tofu served over mushroom risotto, roasted delicata squash, peppers and grape tomatoes drizzled with a beurre blanc sauce",8.75,"Vegetarian, Made without Gluten-Containing Ingredients"
2026-02-22,Dinner,Chipotle Chicken Bowl,"Roasted chipotle chicken, brown rice and black beans, served with shredded kale, carrots and lime vinaigrette",9.00,Made without Gluten-Containing Ingredients
2026-02-22,Dinner,Chickpea Tempeh Bowl,"Roasted chipotle chickpea, brown rice and black beans, served with shredded kale, carrots and lime vinaigrette",8.75,"Vegan, Made without Gluten-Containing Ingredients"
2026-02-23,Dinner,Chicken with Sunflower Seed Pesto Pasta,"Herb chicken breast, sunflower seed pesto cream sauce, cavatappi pasta, garlic bread, garden salad with Italian vinaigrette",9.00,
2026-02-23,Dinner,Gardein Chik'n with Sunflower Seed Pesto,"Vegan chik'n, sunflower seed pesto cream sauce, cavatappi pasta, garlic bread, garden salad with Italian vinaigrette",8.75,Vegetarian
2026-02-23,Dinner,Lemon Chicken and Cauliflower,"Roasted chicken, mashed cauliflower, potatoes and roasted garlic served with roasted zucchini and squash topped dill lemon sauce",9.00,Made without Gluten-Containing Ingredients
2026-02-23,Dinner,Citrus Lentil Tempeh,"Citrus green lentil tempeh, mashed cauliflower, potatoes, roasted garlic served with roasted zucchini and squash topped dill lemon sauce",8.75,"Vegan, Made without Gluten-Containing Ingredients"
2026-02-24,Dinner,Chipotle Fish Taco Bowl,"Chipotle roasted cod, black beans, cilantro rice, shredded cabbage, cotija, sour cream, corn salsa, corn tortilla chips",9.25,"Made without Gluten-Containing Ingredients, Seafood Watch"
2026-02-24,Dinner,Chipotle Black Beans,"Chipotle black beans, cilantro rice, shredded cabbage, cotija, sour cream, corn salsa, corn tortilla chips",8.75,"Vegetarian, Made without Gluten-Containing Ingredients"
2026-02-24,Dinner,Tuscan Roast Beef,"Roasted beef tri-tip, smashed gold potato, roasted squash, carrots, and peppers with spinach, red pepper sauce, parsley",9.25,Made without Gluten-Containing Ingredients
2026-02-24,Dinner,Marinated Portobello,"Marinated portobello mushrooms, smashed gold potato, roasted squash, carrots, and peppers with spinach,  allspice red pepper sauce, parsley",8.75,"Vegan, Made without Gluten-Containing Ingredients"
2026-02-25,Dinner,Fried Chicken & Mashed Potatoes,"Tempura fried chicken, mashed potatoes, country gravy, broccoli",9.00,
2026-02-25,Dinner,Fried tofu,"Tempura fried Tofu, mashed potatoes, country gravy, broccoli",8.75,Vegetarian
2026-02-25,Dinner,Mojo Style Chicken with Pineapple Salsa,"Mojo style chicken thigh with pineapple salsa, white rice and red beans, citrus slaw, lime wedge, pickled red onion",9.00,Made without Gluten-Containing Ingredients
2026-02-25,Dinner,Tempeh with Pineapple Salsa,"Mojo style seared tempeh with pineapple salsa, white rice and red beans, citrus slaw, lime wedge, pickled red onion",8.75,"Vegan, Made without Gluten-Containing Ingredients"
2026-02-26,Dinner,Santa Maria Style Tri-Tip with Salsa,"Seared and smoked beef, corn and black bean salsa, baby kale, tomato, sunflower seeds, cilantro salad, and a paprika raisin dressing, chopped cilantro",9.25,Made without Gluten-Containing Ingredients
2026-02-26,Dinner,Smoked Mushrooms with Green Chiles,"Smoked mushrooms with green chiles, corn and black bean salsa, baby kale, tomato, sunflower seeds, cilantro, and a paprika raisin dressing, chopped cilantro",8.75,"Vegan, Made without Gluten-Containing Ingredients"
2026-02-27,Dinner,Fish and Chips,"Beer battered Pollock filet served over deep fried potato wedges with tartar sauce, coleslaw, and lemon wedge",9.00,Seafood Watch
2026-02-27,Dinner,Fried Tofu & Chips,"Fried tofu, potato wedges, coleslaw, tartar sauce, lemon wedge",9.00,Vegan
2026-02-27,Dinner,Beef Brisket over Vegetable Quinoa,"Smoked beef brisket, quinoa with kale, bell pepper, tomato, celery, red onion, served with steak sauce",9.25,Made without Gluten-Containing Ingredients
2026-02-27,Dinner,Chickpea over Vegetable Quinoa,"Chickpea, quinoa with kale, bell pepper, tomato, celery, carrots, red onion, and steak sauce",8.75,"Vegan, Made without Gluten-Containing Ingredients"
2026-02-28,Dinner,Smoked Sausage Plate,"Campfire Farms bratwurst sausage, boiled potatoes with butter and herbs, sautéed carrots and cabbage, pickled radish and red onion, mustard sauce",9.00,Farm to Fork
2026-02-28,Dinner,Beyond Sausage,"Beyond sausage, boiled potatoes with herb, sautéed carrots and cabbage, pickled radish and red onion, creole mustard",8.75,
2026-02-28,Dinner,Roasted Chicken Grain Bowl,"Roasted chicken thigh, quinoa with wild rice and brown rice, snap peas, sweet peppers topped with pickled onions and radish",9.00,"Made without Gluten-Containing Ingredients, Farm to Fork"
2026-02-28,Dinner,Garbanzo Bean Grain Bowl,"Garbanzo beans, quinoa with wild rice and brown rice, snap peas, sweet peppers topped with pickled onions and radish",8.75,"Vegan, Made without Gluten-Containing Ingredients, Farm to Fork"
2026-03-01,Dinner,Smoked Salmon over Wild Rice,"Smoked Salmon, quinoa, wild rice, roasted brussels sprouts, cauliflower, grape tomatoes and cabbage, brown sugar chili vinaigrette",9.25,"Made without Gluten-Containing Ingredients, In Balance, Seafood Watch"
2026-03-01,Dinner,Smoked Tofu over Wild Rice,"Smoked Salmon, quinoa, wild rice, roasted brussels sprouts, cauliflower, grape tomatoes and cabbage, brown sugar chili vinaigrette",8.75,"Vegan, Made without Gluten-Containing Ingredients"
2026-03-01,Dinner,Slow Roast Pork and Roasted Fall Vegetable,"Slow roast pork shoulder, roasted potatoes, roasted fall squash and apples, cider reduction",9.00,"Made without Gluten-Containing Ingredients, Farm to Fork"
2026-03-01,Dinner,Roasted Portobello and Fall Vegetables,"Portobello mushroom, roasted potatoes, roasted fall squash with apples, cider reduction",8.75,"Vegan, Made without Gluten-Containing Ingredients, Farm to Fork"
2026-03-02,Dinner,Italian Sausage Ragout over Pasta,"Pork sausage, tomatoes, onions, peppers, mushrooms, over penne pasta, parmesan cheese and a side salad with a red wine vinaigrette",9.00,Farm to Fork
2026-03-02,Dinner,Lentil and Oyster Mushroom Ragout,"Lentils, oyster mushrooms tomatoes, onions, peppers, mushrooms, over penne pasta, and a side salad with a red wine vinaigrette",8.75,"Vegan, Farm to Fork"
2026-03-02,Dinner,Citrus Chicken,"Roasted chicken breast over mashed potato and cauliflower  with roasted garlic served with steamed peas & carrots, arugula with lemon dill dressing",9.00,Made without Gluten-Containing Ingredients
2026-03-02,Dinner,Chickpea Tempeh  over Mashed Cauliflower,Lemon and herb chickpea tempeh over mashed potato cauliflower & roasted garlic served with steamed peas & carrots topped with arugula and lemon dill dressing,8.75,"Vegan, Made without Gluten-Containing Ingredients"
2026-03-03,Dinner,Chipotle Chicken Bowl,"Chipotle braised chicken, roasted tomato salsa, cotija cheese, sour cream, shredded lettuce, chile roasted vegetables, cilantro rice, black beans",9.00,Farm to Fork
2026-03-03,Dinner,Chipotle Mushrooms and Tofu,"Chipotle tofu with mushrooms, roasted tomato salsa, cotija cheese, sour cream, shredded lettuce, chile roasted vegetables, cilantro rice, black beans",8.75,"Vegetarian, Made without Gluten-Containing Ingredients"
2026-03-03,Dinner,Sweet and Sour Pork Bowl,"Sautéed pork with bell peppers, red onions, pineapple, and jalapenos over white rice with sweet and sour sauce and scallions",9.00,Made without Gluten-Containing Ingredients
2026-03-03,Dinner,Sweet and Sour Tempeh Bowl,"Sautéed tempeh with bell peppers, red onions, pineapple, and jalapenos over white rice with sweet and sour sauce and scallions",8.75,"Vegan, Made without Gluten-Containing Ingredients"
2026-03-04,Dinner,Smoked Barbecue Pork,"Smoked pork, waffle fries, fry sauce, coleslaw and steamed corn",9.00,Made without Gluten-Containing Ingredients
2026-03-04,Dinner,Smoked Barbecue Beyond Meat Patty,"Smoked barbecue Beyond Meat patty, waffle fries, fry sauce, coleslaw and steamed corn",8.75,"Vegan, Made without Gluten-Containing Ingredients"
2026-03-04,Dinner,Blackened Turkey Breast,"Blackened turkey, dirty rice with red beans, scallion and tomato salad, red pepper dressing",9.00,"Made without Gluten-Containing Ingredients, Farm to Fork"
2026-03-04,Dinner,Blackened Tempeh,"Blackened tempeh, dirty rice and red beans, scallion and tomato salad, red peppers dressing",8.75,"Vegan, Made without Gluten-Containing Ingredients, Farm to Fork"
2026-03-05,Dinner,Beef Chili over Smashed Potatoes,"Beef chili, onion, sour cream, shredded cheddar cheese, smashed potatoes, steamed broccoli",9.25,Made without Gluten-Containing Ingredients
2026-03-05,Dinner,Three Bean Chili Potato Bowl,"Kidney, pinto and black bean chili, onion, vegan cheddar cheese, smashed potatoes, steamed broccoli",8.75,"Vegan, Made without Gluten-Containing Ingredients"
2026-03-05,Dinner,Roasted Chicken with Calabrian Apricot Glaze,"Calabrian chili orange, apricot, spinach & onion glaze chicken with roasted cauliflower, carrots, and green beans, rice pilaf",9.00,Made without Gluten-Containing Ingredients
2026-03-05,Dinner,Lentil Tempeh with Calabrian Apricot Glaze,"Calabrian chili orange, apricot, spinach & onion glaze tempeh with roasted cauliflower, carrots, and green beans, rice pilaf",8.75,"Vegan, Made without Gluten-Containing Ingredients"
2026-03-06,Dinner,Fish and Chips,"Beer battered Pollock filet served over deep fried potato wedges with tartar sauce, coleslaw, and lemon wedge",9.00,Seafood Watch
2026-03-06,Dinner,Fried Tofu & Chips,"Fried tofu, potato wedges, coleslaw, tartar sauce, lemon wedge",9.00,Vegan
2026-03-06,Dinner,Tomato Braised Beef,"Tomato herb braised beef, olive, onions and peppers, brown rice quinoa pilaf with spinach and marinated red onions",9.25,Made without Gluten-Containing Ingredients
2026-03-06,Dinner,Tomato Braised Tempeh,"Tomato herb braised tempeh, olives, onions and peppers, brown rice quinoa pilaf with spinach and marinated red onions",8.75,"Vegan, Made without Gluten-Containing Ingredients"
2026-03-07,Dinner,Campfire farms Bratwurst Sausage,"Roasted pork bratwurst, tiger's eye bean with butternut squash, carrots kale, braised greens with red cipollini onions and watermelon radish",9.00,Made without Gluten-Containing Ingredients
2026-03-07,Dinner,Beyond Sausage,"Beyond Sausage tiger's eye bean with butternut squash, carrots kale, braised greens with red cipollini onions and watermelon radish",8.75,"Vegetarian, Made without Gluten-Containing Ingredients, Farm to Fork"
2026-03-07,Dinner,Roasted Chicken Mixed Grain Bowl,"Roasted chicken with wild rice, brown rice and sorghum, roasted purple sprouted broccoli, delicata squash and green beans and roasted garlic dressing",9.00,"Made without Gluten-Containing Ingredients, Farm to Fork"
2026-03-07,Dinner,Garbanzo and Mushroom Grain Bowl,"Garbanzo beans and mushrooms with wild rice, brown rice and sorghum, roasted purple sprouted broccoli, delicata squash and green beans and roasted garlic dressing",8.75,"Vegan, Made without Gluten-Containing Ingredients"
2026-03-08,Dinner,Garlic Tomato Chicken & Shrimp,"Grilled chicken breast and shrimp over saffron rice and peas, paprika tomato and pepper sauce with spicy local green salad, garlic dressing",9.25,"Made without Gluten-Containing Ingredients, Seafood Watch"
2026-03-08,Dinner,Garlic Gardein Chik'n,"Garlic Gardein Chik'n over saffron rice and peas, paprika tomato and pepper sauce with spicy local green salad, garlic dressing",8.75,
2026-03-08,Dinner,Roast Beef and Smashed Potatoes,"Roast beef, smashed golden potatoes, roasted leeks and green beans, radishes with parsley and whole grain mustard vinaigrette",9.25,Made without Gluten-Containing Ingredients
2026-03-08,Dinner,Marinated Portobello and Smashed Potatoes,"Marinated portobello mushroom smashed golden potatoes, roasted leeks and green beans, radishes with parsley and whole grain mustard vinaigrette",8.75,"Vegan, Made without Gluten-Containing Ingredients"
2026-03-09,Dinner,Spaghetti and Beef and Pork Meatballs,"Beef and pork meatballs, spaghetti, marinara sauce, garden salad with Italian vinaigrette",9.25,
2026-03-09,Dinner,Spaghetti and Impossible Meatballs,"Impossible and lentil meatballs, spaghetti, marinara sauce, garden salad, Italian vinaigrette",8.75,Vegan
2026-03-09,Dinner,Lemon Chicken over Cauliflower Rice,"Roasted chicken thigh marinated in lemon and garlic over rice with cauliflower, caramelized onion, & fresh herbs, spinach cucumber salad with herb vinaigrette",9.00,"Made without Gluten-Containing Ingredients, In Balance"
2026-03-09,Dinner,Black Bean Cakes,"Roasted chickpea and black bean cake, over rice with cauliflower, caramelized onion, & fresh herbs, spinach cucumber salad and herb vinaigrette",8.75,"Vegan, Made without Gluten-Containing Ingredients, In Balance"
2026-03-10,Dinner,Pozole Verde De Pollo,"Braised chicken, hominy, poblano and tomatillo stew served with sliced radishes, diced onions, lime wedge, tortilla strips",9.00,
2026-03-10,Dinner,Vegetable Pozole,"Hominy, pinto beans, onions, poblano and tomatillo stew served with sliced radishes, diced onions, lime wedge, tortilla strips",8.75,"Vegan, Made without Gluten-Containing Ingredients"
2026-03-10,Dinner,Ancho Braised Beef with Cowboy Beans and Corn,"Beef, ancho, onion, garlic, smoked kidney beans, white rice, roasted corn with peppers and onions, cilantro",9.25,Made without Gluten-Containing Ingredients
2026-03-10,Dinner,Smoked Mushrooms with Cowboy Beans,"Mushroom ancho, onion, garlic, smoked kidney beans, white rice, roasted corn with peppers and onions, cilantro",8.75,"Vegan, Made without Gluten-Containing Ingredients"
2026-03-11,Dinner,Smoked Tri-Tip,"Smoked tri-tip, coleslaw, barbecue beans, creamed corn and barbecue sauce",9.25,Made without Gluten-Containing Ingredients
2026-03-11,Dinner,Smoked Tofu,"Smoked tofu, coleslaw, barbecue beans, creamed corn and barbecue sauce",8.75,"Vegan, Made without Gluten-Containing Ingredients"
2026-03-11,Dinner,Blackened Chicken over Dirty Rice,"Blackened chicken thigh, dirty rice, roasted green beans, broccoli slaw, red pepper sauce",9.00,Made without Gluten-Containing Ingredients
2026-03-11,Dinner,Creole Mushrooms over Dirty Rice,"Creole mushrooms, dirty rice, roasted green beans, broccoli slaw, red pepper sauce",8.75,"Vegan, Made without Gluten-Containing Ingredients"
2026-03-12,Dinner,Moroccan-Style Chicken over Couscous,"Spiced chicken breast, golden couscous with grilled zucchini, yellow squash, red onion, and carrots with cucumber salad and yogurt sauce",9.00,
2026-03-12,Dinner,Moroccan-Style Tofu over Couscous,"Spiced tofu, golden couscous with grilled zucchini, yellow squash, red onion, and carrots with cucumber salad and yogurt sauce",8.75,Vegetarian
2026-03-12,Dinner,Chicken with Potatoes and Apple Salad,"Roasted herb chicken breast, roasted fingerling potatoes and brussles sprouts, spinach, red onion and apple salad, sweet apple cider vinaigrette, smoked paprika pepitas",9.00,Made without Gluten-Containing Ingredients
2026-03-12,Dinner,Mushrooms with Potatoes,"Portobello and oyster mushrooms, roasted fingerling potatoes and brussles sprouts, spinach, red onion and apple salad, sweet apple cider vinaigrette, smoked paprika pepitas",8.75,"Vegan, Made without Gluten-Containing Ingredients"
2026-03-13,Dinner,Fish and Chips,"Beer battered pollock filet, deep fried potato wedges, tartar sauce, coleslaw, lemon wedge",9.00,Seafood Watch
2026-03-13,Dinner,Fried Tofu & Chips,"Fried tofu, deep fried potato wedges, tartar sauce, coleslaw, lemon wedge",9.00,Vegan
2026-03-13,Dinner,South West Green Chile Chicken Bowl,"Roast chicken, chipotle black beans, Spanish rice, mixed greens, salsa verde, corn tortilla chips",9.00,Made without Gluten-Containing Ingredients
2026-03-13,Dinner,Ancho Mushrooms and Tempeh,"Ancho mushrooms and tempeh, Spanish rice, chipotle black beans, mixed greens, salsa verde, corn tortilla chips",8.75,"Vegan, Made without Gluten-Containing Ingredients"
2026-03-14,Dinner,Campfire Farms Green Garlic Sausage,"Green Garlic Sausage, German style potato salad and purple sprouted broccoli and green beans, pickled radish and red onion, creamy mustard sauce<br />Extra Sausage $4.00",9.00,"Made without Gluten-Containing Ingredients, Farm to Fork"
2026-03-14,Dinner,Beyond Sausage with German Potato Salad,"Beyond sausage, German style potato salad and purple sprouted broccoli and green beans, pickled radish and red onion, creamy mustard sauce<br />Extra Sausage $4.00",8.75,"Vegetarian, Made without Gluten-Containing Ingredients"
2026-03-14,Dinner,Roast Chicken with Hearty Local Greens Salad,"Bone in chicken breast, polenta, greens, beets, chickpeas, potato, cucumber, butternut squash, watermelon radish, cucumbers, spiced sunflower seeds, citrus herb vinaigrette",9.00,"Made without Gluten-Containing Ingredients, Farm to Fork"
2026-03-14,Dinner,Portobello & Quinoa Cakes,"Marinated portobello mushrooms and quinoa cakes, polenta, greens, beets, chickpeas, potato, cucumber, butternut squash, watermelon radish, cucumbers, spiced sunflower seeds, citrus herb vinaigrette",8.75,"Vegan, Made without Gluten-Containing Ingredients, Farm to Fork"
2026-03-15,Dinner,Wasabi Salmon,"Wasabi salmon served with coconut herb rice, miso turnips and shanghai bok choy, marinated cucumbers",9.25,"Made without Gluten-Containing Ingredients, Seafood Watch"
2026-03-15,Dinner,Wasabi Tofu,"Wasabi tofu served with coconut herb rice, miso turnips and shanghai bok choy, marinated cucumbers",8.75,"Vegan, Made without Gluten-Containing Ingredients"
2026-03-15,Dinner,Roasted Turkey and Smashed Potatoes,"Turkey breast, garlic smashed potatoes, steamed carrots and peas, with herb vinaigrette",9.00,Made without Gluten-Containing Ingredients
2026-03-15,Dinner,Stuffed Peppers with Smashed Potatoes,"Peppers stuffed with rice and vegetables, garlic smashed potatoes, steamed carrots and peas, herb vinaigrette",8.75,"Vegan, Made without Gluten-Containing Ingredients"
2026-03-16,Dinner,Herb Chicken with Fettuccine Alfredo,"Herb roasted chicken with creamy alfredo sauce, fettuccine pasta with steamed broccoli and carrots, served with garlic bread",9.00,
2026-03-16,Dinner,Beyond Sausage over Fettuccine Alfredo,"Roasted Beyond sausage, creamy alfredo, fettuccine pasta with steamed broccoli and carrots, served with garlic bread",8.75,Vegetarian
2026-03-16,Dinner,Paprika Braised Beef with Polenta,"Paprika braised beef, onion and mushroom stew served over olive oil polenta with sauteed greens",9.25,"Made without Gluten-Containing Ingredients, Farm to Fork"
2026-03-16,Dinner,Paprika Braised Mushrooms over Polenta,Braised mushrooms served over olive oil polenta with sauteed greens,8.75,"Vegan, Made without Gluten-Containing Ingredients, Farm to Fork"
2026-03-17,Dinner,Guiness Beef Stew over Mashed Potatoes,"Braised beef, Guiness, carrots, parsnips, rutabegas, and onions over mashed potatoes with roasted cabbage and fried carrot strips",9.25,
2026-03-17,Dinner,Turmeric Spiced Chicken,"Turmeric spiced chicken thigh, butternut squash and sweet peppers, rosemary, onion, wild rice, garden salad with oregano vinaigrette",9.00,"Made without Gluten-Containing Ingredients, Farm to Fork"
2026-03-17,Dinner,Turmeric Lentil Cake,"Lentil cake, butternut squash and sweet peppers, rosemary, onion, wild rice, green salad with oregano vinaigrette",8.75,"Vegan, Made without Gluten-Containing Ingredients, Farm to Fork"
2026-03-18,Dinner,Smoked Barbecue Chicken,"Smoked chicken, mashed yams, braised kale with corn, red bell peppers and tomatoes, Carolina-style barbecue sauce",9.00,
2026-03-18,Dinner,Smoked Barbecue Tofu,"Smoked tofu, mashed yams, braised kale with corn, red bell peppers and tomatoes, Carolina-style barbecue sauce",8.75,Vegetarian
2026-03-18,Dinner,Cumin Braised Pork over Curried Risotto,"Cumin braised pork, curried risotto, roasted squash, zucchini, red onions and cabbage, marinated cucumbers, cilantro",9.00,Made without Gluten-Containing Ingredients
2026-03-18,Dinner,Cumin Braised Chickpeas over Curried Risotto,"Cumin braised chickpeas, curried risotto, roasted squash, zucchini, red onions and cabbage, marinated cucumbers, cilantro",8.75,"Vegan, Made without Gluten-Containing Ingredients"
2026-03-19,Dinner,Pork Chile Verde,"Braised pork in green chile and tomatillo stew, white rice, roasted tomatoes and cabbage, cilantro, cotija, lime wedge",9.00,Made without Gluten-Containing Ingredients
2026-03-19,Dinner,Pozole Chile Verde,"Hominy and pinto bean pazole in green chile and tomatillo stew, white rice, roasted tomatoes and cabbage, cilantro, cotija, lime wedge",8.75,"Vegan, Made without Gluten-Containing Ingredients"
2026-03-19,Dinner,Sempio Ginger Chicken over White Rice,"Ginger Sempio chicken, white rice, steamed bok choy, sweet rice vinegar dressed cucumbers and carrots, pickled ginger, soy free teriyaki sauce",9.00,"Made without Gluten-Containing Ingredients, Farm to Fork"
2026-03-19,Dinner,Sempio Ginger Mushrooms over White Rice,"Ginger Sempio portobello mushrooms, white rice, steamed bok choy, sweet rice vinegar dressed cucumbers and carrots, pickled ginger, soy free teriyaki sauce",8.75,"Vegan, Made without Gluten-Containing Ingredients, Farm to Fork"
2026-03-20,Dinner,Fish and Chips,"Beer battered pollock filet served over deep fried potato wedges with tartar sauce, coleslaw, and lemon wedge",9.00,
2026-03-20,Dinner,Fried Tofu & Chips,"Fried tofu, potato wedges, coleslaw, tartar sauce, lemon wedge",9.00,Vegan
2026-03-20,Dinner,Seared Pork Chop,"Pork chop, roasted garlic and herb quinoa, carrots, fennel, delicata squash, chard, onion, and apple chutney.",9.00,"Made without Gluten-Containing Ingredients, Farm to Fork"
2026-03-20,Dinner,Roasted Mushroom and Chickpeas,"Mushroom and Chickpeas, roasted garlic and herb quinoa, carrots, fennel, delicata squash, chard, onion, and apple chutney.",8.75,"Vegan, Made without Gluten-Containing Ingredients"
2026-03-29,Dinner,Seared Chicken Breast Over Mushroom Risotto,"Chicken breast served over mushroom risotto, roasted delicata squash, peppers and spinach with a basil, lemon, and truffle butter sauce",9.00,"Made without Gluten-Containing Ingredients, Farm to Fork"
2026-03-29,Dinner,Seared Tofu over Mushroom Risotto,"Seared tofu served over mushroom risotto, roasted delicata squash, peppers and spinach with a basil, lemon, and truffle butter sauce",8.75,"Vegetarian, Made without Gluten-Containing Ingredients"
2026-03-29,Dinner,Chipotle Chicken Bowl,"Roasted chipotle chicken, brown rice, black beans, and chipotle sauce served with shredded kale, carrots and citrus vinaigrette",9.00,Made without Gluten-Containing Ingredients
2026-03-29,Dinner,Chipotle Tempeh Bowl,"Roasted chipotle tempeh, brown rice, black beans, and chipotle sauce served with shredded kale, carrots and citrus vinaigrette",8.75,"Vegan, Made without Gluten-Containing Ingredients"
2026-03-30,Dinner,Creamy Pork Pesto Pasta,"Herb Pork, tomato pesto cream sauce, cavatappi pasta, garlic bread, braised greens",9.00,
2026-03-30,Dinner,Creamy Gardein Chik'n Pesto,"Vegan chik'n, tomato pesto cream sauce, cavatappi pasta, garlic bread, braised greens",8.75,Vegetarian
2026-03-30,Dinner,Lemon Chicken over Cauliflower rice,"Chicken thigh, garbanzo flour, cauliflower rice, roasted zucchini and yellow squash, dill lemon sauce",9.00,Made without Gluten-Containing Ingredients
2026-03-30,Dinner,Citrus Lentil Tempeh,"Tempeh, garbanzo flour, cauliflower rice, roasted zucchini and yellow squash, dill lemon sauce",8.75,"Vegan, Made without Gluten-Containing Ingredients, Farm to Fork"
2026-03-31,Dinner,Tuscan Roast Chicken,"Bone-in chicken, smashed gold potato with broccoli and cauliflower, braised hearty greens, allspice red pepper sauce, parsley",9.00,Made without Gluten-Containing Ingredients
2026-03-31,Dinner,Marinated Portobello,"Marinated portobello mushrooms, smashed gold potato with broccoli and cauliflower, braised hearty greens, allspice red pepper sauce, parsley",8.75,"Vegan, Made without Gluten-Containing Ingredients"
2026-04-01,Dinner,Tandoori-Style Chicken,"Yogurt marinated chicken thigh, yogurt basmati rice, roasted cauliflower, carrots, and squash, mint chutney",9.00,Made without Gluten-Containing Ingredients
2026-04-01,Dinner,Tandoori-Style Tofu,"Yogurt marinated tofu, yogurt basmati rice, roasted cauliflower, carrots, and squash, mint chutney",8.75,"Vegetarian, Made without Gluten-Containing Ingredients"
2026-04-01,Dinner,Mojo Pork with Pineapple Salsa,"Mojo pork with pineapple salsa, white rice and red beans, citrus slaw, lime wedge",9.00,Made without Gluten-Containing Ingredients
2026-04-01,Dinner,Mojo Tempeh with Pineapple Salsa,"Mojo tempeh with pineapple salsa, white rice and red beans, citrus slaw, lime wedge",8.75,"Vegan, Made without Gluten-Containing Ingredients"
2026-04-02,Dinner,Matzo Stuffed Portobello Mushroom,"Matzo stuffed portobello mushroom with roasted potatoes, roasted carrots and cabbage and a herb garlic sauce",8.75,"Vegan, Made without Gluten-Containing Ingredients"
2026-04-02,Dinner,Herb Roasted Turkey Breast over Rice Pilaf,"Herb roasted turkey breast, rice pilaf, roasted delicata squash and broccolini, red pepper coulis",9.00,Made without Gluten-Containing Ingredients
2026-04-02,Dinner,Herb Roasted Tempeh over Rice Pilaf,"Herb roasted tempeh, rice pilaf, roasted delicata squash and broccolini, red pepper coulis",8.75,"Vegan, Made without Gluten-Containing Ingredients"
2026-04-03,Dinner,Fish and Chips,"Beer battered Pollock filet (contain egg) served over deep fried potato wedges with tartar sauce, coleslaw, and lemon wedge",9.00,Seafood Watch
2026-04-03,Dinner,Fried Tofu & Chips,"Fried tofu, potato wedges, coleslaw, tartar sauce, lemon wedge",9.00,Vegan
2026-04-04,Dinner,Smoked Sausage Plate,"Campfire Farms bratwurst sausage, boiled potatoes with herbs, sautéed carrots and cabbage, pickled radishes and red onion, mustard sauce",9.25,"Made without Gluten-Containing Ingredients, Farm to Fork"
2026-04-04,Dinner,Beyond Sausage Plate,"Beyond sausage, boiled potatoes with herbs, sautéed carrots and cabbage, pickled radishes and red onion, creole mustard",8.75,"Vegan, Made without Gluten-Containing Ingredients"
2026-04-04,Dinner,Roasted Chicken over Cauliflower Potato Tray Bake,"Chicken thigh, gold potatoes and cauliflower tray bake with roasted garlic, roasted purple sprouting broccoli, Mama Lil's orange dressing",9.00,Made without Gluten-Containing Ingredients
2026-04-04,Dinner,Roasted Mixed Mushrooms,"Mixed mushrooms, gold potatoes and cauliflower tray bake with roasted garlic, roasted purple sprouting broccoli, Mama Lil's orange dressing",8.75,"Vegan, Made without Gluten-Containing Ingredients"
2026-04-05,Dinner,Blackened Salmon,"Salmon, blackening spice, cajun remoulade, sweet potato, potato, red onion, braised greens",9.25,"Made without Gluten-Containing Ingredients, Farm to Fork, Seafood Watch"
2026-04-05,Dinner,Blackened Beyond Sausage,"Beyond sausage, blackening spice, cajun remoulade, sweet potato, potato, red onion, braised greens",8.75,"Made without Gluten-Containing Ingredients, Farm to Fork"
2026-04-05,Dinner,Slow Roast Pork and Roasted Winter Vegetables,"Slow roast pork shoulder, roasted potatoes, roasted beets, carrots and apples, roasted leek, cider reduction",9.00,Made without Gluten-Containing Ingredients
2026-04-05,Dinner,Roasted Portobello and Winter Vegetables,"Roasted portobello, roasted potatoes, roasted beets, carrots and apples, roasted leek, cider reduction",8.75,"Vegan, Made without Gluten-Containing Ingredients"
2026-04-06,Dinner,Italian Sausage Ragout over Pasta,"Pork sausage, tomatoes, onions, peppers, mushrooms, over penne pasta, parmesan cheese and a side salad with a red wine vinaigrette",9.00,Farm to Fork
2026-04-06,Dinner,Lentil and Vegetable Ragout over Pasta,"Lentil, tomatoes, onions, peppers, mushrooms, over penne pasta, and a side salad with a red wine vinaigrette",8.75,"Vegan, Farm to Fork"
2026-04-06,Dinner,Smoked Chicken with Salsa Aguacate,"Smoked chicken thigh, chile smashed fingerling potatoes, roasted cauliflower, broccoli, zucchini, squash, and peppers, salsa aguacate",9.00,Made without Gluten-Containing Ingredients
2026-04-06,Dinner,Smoked Portobello with Salsa Aguacate,"Smoked portobello, chile smashed fingerling potatoes, roasted cauliflower, broccoli, zucchini, squash, and peppers, salsa aguacate",8.75,"Vegan, Made without Gluten-Containing Ingredients"
2026-04-07,Dinner,Chipotle Braised Chicken,"Chipotle braised chicken, roasted tomato salsa, cotija cheese, sour cream, shredded lettuce, chile roasted vegetables, cilantro rice, black beans",9.00,Farm to Fork
2026-04-07,Dinner,Chipotle Mushrooms and Tofu,"Chipotle tofu with mushrooms, roasted tomato salsa, cotija cheese, sour cream, shredded lettuce, chile roasted vegetables, cilantro rice, black beans",8.75,"Vegetarian, Made without Gluten-Containing Ingredients"
2026-04-07,Dinner,Brownie Sundae,"TMK ice cream, house-made brownie, whipped cream, Maraschino cherry, sprinkles, vegan chocolate sauce",5.50,
2026-04-07,Dinner,Blondie Brownie,"House-made brownie, vegan whipped cream, maraschino cherry, sprinkles, vegan chocolate sauce",3.50,
2026-04-07,Dinner,Smoked Barbecue Beef Brisket,"Beef brisket, berry barbecue sauce, fingerling potato, horseradish, olive oil, braised Sauvie Island Greens",9.25,Farm to Fork
2026-04-07,Dinner,Barbecue Portobello Mushroom,"Portobello, berry barbecue sauce, fingerling potato, horseradish, olive oil, braised Sauvie Island Greens",8.75,"Vegetarian, Farm to Fork"
2026-04-08,Dinner,Smoked Barbecue Beyond Meat Patty,"Smoked barbecue Beyond Meat patty, sweet potatoes fries, blueberry barbecue, coleslaw and steamed corn",8.75,"Vegan, Made without Gluten-Containing Ingredients"
2026-04-08,Dinner,Barbecue Pork Shoulder,"Braised pork shoulder, sweet potatoes fries, blueberry barbecue, coleslaw and steamed corn",9.00,Made without Gluten-Containing Ingredients
2026-04-08,Dinner,Blackened Turkey Breast,"Blackened turkey, smashed potatoes, scallion and tomato salad, red pepper dressing",9.00,"Made without Gluten-Containing Ingredients, Farm to Fork"
2026-04-08,Dinner,Blackened Portobello,"Smoked portobello, smashed potatoes, scallion and tomato salad, red pepper dressing",8.75,"Vegan, Made without Gluten-Containing Ingredients, Farm to Fork"
2026-04-09,Dinner,Beef Chili Bar Over Basmati Rice,"Beef chili, onion, sour cream, shredded cheddar cheese, basmati rice, steamed purple broccolini",9.25,Made without Gluten-Containing Ingredients
2026-04-09,Dinner,Three Bean Chili Over Basmati Rice,"Kidney, pinto and black bean chili, onion, vegan cheddar cheese, basmati rice, steamed purple broccolini",8.75,"Vegan, Made without Gluten-Containing Ingredients"
2026-04-09,Dinner,Roasted Chicken with Orange Apricot Glaze,"Orange apricot glazed chicken with roasted cauliflower, butternut squash, and green beans with roasted red potatoes",9.00,Made without Gluten-Containing Ingredients
2026-04-09,Dinner,Roasted Portobello with Orange Apricot Glaze,"Orange apricot glazed portobello with roasted cauliflower, butternut squash and green beans and roasted red potatoes",8.75,"Vegan, Made without Gluten-Containing Ingredients"
2026-04-10,Dinner,Fish and Chips,"Battered Rock fish served over deep fried potato wedges with tartar sauce, coleslaw, and lemon wedge",9.00,
2026-04-10,Dinner,Fried Tofu & Chips,"Fried tofu, potato wedges, coleslaw, tartar sauce, lemon wedge",9.00,Vegan
2026-04-10,Dinner,Tomato Braised Beef over Quinoa,"Tomato herb braised beef, smoked paprika, garlic, onions and peppers, brown rice and quinoa with dried fruit,  local spinach and marinated red onion",9.25,Made without Gluten-Containing Ingredients
2026-04-10,Dinner,Tomato Braised Tempeh,"Tomato herb braised tempeh with smoked paprika, garlic, onions and peppers, brown rice and quinoa with dried, local spinach and marinated red onion",8.75,"Vegan, Made without Gluten-Containing Ingredients"
2026-04-11,Dinner,Mixed Sausage Bratwurst over Herbed Polenta,"Roasted pork bratwurst, herbed polenta, piperade, purple sprouting broccoli and broccoli",9.00,"Made without Gluten-Containing Ingredients, Farm to Fork"
2026-04-11,Dinner,Roasted Beyond Bratwurst over Herbed Polenta,"Beyond sausage bratwurst, herbed polenta, piperade, purple sprouting broccoli and broccoli",8.75,"Vegetarian, Made without Gluten-Containing Ingredients, Farm to Fork"
2026-04-11,Dinner,Smoked Brisket and Grain Bowl,"Smoked beef brisket, wild rice and brown rice with quinoa, green beans with bell peppers and cauliflower, green chile lime vinaigrette",9.25,"Made without Gluten-Containing Ingredients, Farm to Fork"
2026-04-11,Dinner,Garbanzo and Mushroom Grain Bowl,"Garbanzo and portobello mushroom, wild rice and brown rice with quinoa,  green beans with bell peppers and cauliflower, green chile lime vinaigrette",8.75,"Vegan, Made without Gluten-Containing Ingredients"
2026-04-12,Dinner,Garlic Tomato Chicken & Shrimp,"Grilled chicken breast and shrimp over saffron rice and peas, paprika tomato and pepper sauce with braising greens",9.00,
2026-04-12,Dinner,Roast Beef and Smashed Potatoes,"Spiced garlic roast beef, smashed red potatoes, roasted green beans, radish and onion,with herb and garlic vinaigrette and parsley",9.25,Made without Gluten-Containing Ingredients
2026-04-12,Dinner,Marinated Portobello and Smashed Potatoes,"Grilled portobello, smashed red potatoes, roasted green beans, radish and onion,with herb and garlic vinaigrette and parsley",8.75,"Vegan, Made without Gluten-Containing Ingredients"
2026-04-13,Dinner,Spaghetti and Beef and Pork Meatballs,"Beef and pork meatballs with mozzarella cheese, onions, bread crumbs, garlic and herbs, spaghetti, marinara sauce, garden salad with Italian vinaigrette",9.00,
2026-04-13,Dinner,Spaghetti and Beyond Italian Sausage,"Beyond Italian Sausage, spaghetti, marinara sauce, garden salad, Italian vinaigrette",8.75,Vegan
2026-04-13,Dinner,Made without Gluten Pasta Available,,,Made without Gluten-Containing Ingredients
2026-04-13,Dinner,Lemon Chicken over Cauliflower Rice,"Roasted chicken thigh marinated in lemon and garlic over rice with cauliflower, caramelized onion, & fresh herbs, spinach cucumber salad with herb vinaigrette",9.00,"Made without Gluten-Containing Ingredients, In Balance"
2026-04-13,Dinner,Black Bean Cakes,"Roasted chickpea and black bean cake over rice with cauliflower, caramelized onion, & fresh herbs, spinach cucumber salad and herb vinaigrette",8.75,"Vegan, Made without Gluten-Containing Ingredients, In Balance"
2026-04-14,Dinner,Pozole Verde De Pollo,"Braised chicken, hominy, poblano and tomatillo stew served with sliced radishes, diced onions, lime wedge, tortilla strips",9.00,
2026-04-14,Dinner,Vegetable Pozole,"Hominy, pinto beans, mushrooms, onions, poblano and tomatillo stew served with sliced radishes, diced onions, lime wedge, tortilla strips",8.75,"Vegan, Made without Gluten-Containing Ingredients"
2026-04-14,Dinner,Ancho Braised Beef with Cowboy Beans and Corn,"Beef, ancho, onion, garlic, smoked kidney beans, white rice, roasted corn with peppers and onions, cilantro",9.25,Made without Gluten-Containing Ingredients
2026-04-14,Dinner,Smoked Mushrooms with Cowboy Beans,"Mushroom, ancho, onion, garlic, smoked kidney beans, white rice, roasted corn with peppers and onions, cilantro",8.75,"Vegan, Made without Gluten-Containing Ingredients"
2026-04-15,Dinner,Smoked Pork Shoulder and Fried Shrimp,"Smoked pork shoulder, fried shrimp, coleslaw, ranch macaroni salad, baked beans, braised greens, barbecue sauce",9.00,"Farm to Fork, Seafood Watch"
2026-04-15,Dinner,Smoked Tofu,"Smoked tofu, coleslaw, ranch macaroni salad, baked beans, braised greens, barbecue sauce",8.75,"Vegetarian, Farm to Fork"
2026-04-15,Dinner,Creole Mushrooms over Dirty Rice,"Creole mushrooms, dirty rice, bell pepper, celery, garlic, green onion, broccoli slaw, red pepper sauce",8.75,"Vegan, Made without Gluten-Containing Ingredients"
2026-04-16,Dinner,Moroccan-Style Chicken over Pearl Couscous,"Spiced chicken breast, pearl couscous with grilled zucchini, yellow squash, red onion, and carrots with cucumber salad and yogurt sauce",9.00,
2026-04-16,Dinner,Moroccan-Style Tofu over Pearl Couscous,"Spiced tofu, pearl couscous with grilled zucchini, yellow squash, red onion, and carrots with cucumber salad and yogurt sauce",8.75,Vegetarian
2026-04-16,Dinner,Chicken with Potatoes and Apple Salad,"Chicken breast, oregano, garlic, fingerling potato with paprika oil,  spinach, red onion and apple salad, sweet apple cider vinaigrette, smoked paprika pepitas",9.00,Made without Gluten-Containing Ingredients
2026-04-16,Dinner,Mushrooms with Potatoes,"Portobello mushroom, oregano, garlic, fingerling potato with paprika oil,  spinach, red onion and apple salad, sweet apple cider vinaigrette, smoked paprika pepitas",8.75,"Vegan, Made without Gluten-Containing Ingredients"
2026-04-17,Dinner,Fish and Chips,"Beer-battered rockfish filet served over deep fried potato wedges with tartar sauce, coleslaw, and lemon wedge",9.00,Seafood Watch
2026-04-17,Dinner,Fried Tofu & Chips,"Beer-battered tofu, potato wedges, coleslaw, tartar sauce, lemon wedge",9.00,Vegan
2026-04-17,Dinner,Guajillo Braised Beef Burrito Bowl,"Braised beef, pinto beans, Spanish rice, salsa verde, corn tomato salsa, shredded lettuce, cilantro, corn tortilla chips",9.25,Made without Gluten-Containing Ingredients
2026-04-17,Dinner,Guajillo Braised Tempeh Burrito Bowl,"Braised tempeh, pinto beans, Spanish rice, salsa verde, corn tomato salsa, shredded lettuce, cilantro, corn tortilla chips",8.75,"Vegan, Made without Gluten-Containing Ingredients"
2026-04-18,Dinner,Smoked Bratwurst with German Potato Salad,"Bratwurst, Linguica or Keilbasa, German potato salad, purple sprouting broccoli, pickled radish and red onion, creamy mustard sauce<br />Extra Sausage $4.00",9.00,"Made without Gluten-Containing Ingredients, Farm to Fork"
2026-04-18,Dinner,Beyond Sausage,"Beyond sausage, German potato salad, purple sprouting broccoli, pickled radish and red onion, creamy mustard sauce",8.75,"Vegetarian, Made without Gluten-Containing Ingredients"
2026-04-18,Dinner,Spanish Braised Chicken over Wild Rice,"Garlic braised chicken with tomatoes and smoked paprika olives, basil, oregano and onions, wild rice and quinoa with parsley, roasted cauliflower and green beans",9.00,Made without Gluten-Containing Ingredients
2026-04-18,Dinner,Braised Mixed Mushrooms and Chickpeas,"Roasted Beech, Shiitake and Portabello mushrooms and chickpeas with herbs, wild rice and quinoa with parsley, roasted cauliflower and green beans",8.75,"Vegan, Made without Gluten-Containing Ingredients"
2026-04-19,Dinner,Wasabi Salmon,"Roasted salmon, coconut herb rice, steamed baby bok choy, cucumber and carrot salad and a wasabi soy sauce",9.25,Made without Gluten-Containing Ingredients
2026-04-19,Dinner,Wasabi Tofu,"Roasted tofu, coconut herb rice, steamed baby bok choy, cucumber and carrot salad and a wasabi soy sauce",8.75,"Vegan, Made without Gluten-Containing Ingredients"
2026-04-19,Dinner,Roasted Turkey and Smashed Potatoes,"Turkey breast, garlic and herb smashed potatoes, steamed carrots and peas, with herb vinaigrette",9.00,Made without Gluten-Containing Ingredients
2026-04-19,Dinner,Stuffed Peppers with Smashed Potatoes,"Peppers stuffed with rice and vegetables, garlic and herb smashed potatoes, steamed carrots and peas, herb vinaigrette",8.75,"Vegan, Made without Gluten-Containing Ingredients"
2026-04-20,Dinner,Grilled Chicken with Fettuccine Alfredo,"Grilled herb chicken with creamy Alfredo sauce, fettuccine pasta with a garden salad, Italian vinaigrette and garlic bread",9.00,
2026-04-20,Dinner,Beyond Sausage over Fettuccine Alfredo,"Roasted Beyond Sausage with creamy Alfredo sauce, fettuccine pasta with a garden salad, Italian vinaigrette and garlic bread",8.75,Vegetarian
2026-04-20,Dinner,Paprika-Braised Beef with Polenta,"Paprika-braised beef, onion and mushroom stew served over olive oil polenta with sauteed kale and collard greens",9.25,"Made without Gluten-Containing Ingredients, Farm to Fork"
2026-04-20,Dinner,Paprika-Braised Mushrooms over Polenta,"Braised oyster, shiitake, and crimini mushrooms  served over olive oil polenta with sauteed kale and swiss chard",8.75,"Vegan, Made without Gluten-Containing Ingredients, Farm to Fork"
2026-04-21,Dinner,Chicken Fajita Plate,"Achiote seasoned chicken thigh sautéed with peppers and onions served with Spanish rice, refried beans, pepper jack cheese and corn tortillas",9.00,Made without Gluten-Containing Ingredients
2026-04-21,Dinner,Mushroom Fajita Plate,"Achiote seasoned mushrooms sautéed with peppers and onions served with Spanish rice, refried beans, pepper jack cheese and corn tortillas",8.75,"Vegetarian, Made without Gluten-Containing Ingredients"
2026-04-21,Dinner,Tamarind Beef Curry with Mashed Potatoes,"Tamarind beef curry with stewed green bean, tomato, and onion curry, mashed potato with peas, chopped cilantro",9.25,Made without Gluten-Containing Ingredients
2026-04-21,Dinner,Tamarind Tempeh with Mashed Potatoes,"Tamarind tempeh with stewed green bean, tomato, and onion curry, mashed potato with peas, chopped cilantro",8.75,"Vegan, Made without Gluten-Containing Ingredients"
2026-04-22,Dinner,Smoked Barbecue Chicken,"Smoked chicken, mashed yams, corn and tomato salad, roasted broccoli rabe, Carolina style barbecue sauce",9.00,Made without Gluten-Containing Ingredients
2026-04-22,Dinner,Smoked Tofu,"Smoked beyond sausage, mashed yams, corn and tomato salad, grilled broccoli, fried brussel sprouts, Carolina style barbecue sauce",8.75,"Vegan, Made without Gluten-Containing Ingredients"
2026-04-22,Dinner,Pomodoro Braised Pork,"Tomato-braised pork, herb risotto, roasted squash, zucchini, red onions and cabbage, shaved fennel, Italian vinaigrette",9.00,Made without Gluten-Containing Ingredients
2026-04-22,Dinner,Pomodoro Braised Tempeh,"Tomato-braised tempeh, herb risotto, roasted squash, zucchini, red onions and cabbage, shaved fennel, Italian vinaigrette",8.75,"Vegan, Made without Gluten-Containing Ingredients"
2026-04-23,Dinner,Pork Chile Verde,"Pork shoulder in a green chile and tomatillo sauce, hominy, herb rice, marinated tomato and cabbage salad, cotija cheese",9.00,Made without Gluten-Containing Ingredients
2026-04-23,Dinner,Tofu Chile Verde,"Bui tofu in a green chile and tomatillo sauce, hominy, herb rice, marinated tomato and cabbage salad, cotija cheese",8.75,"Vegetarian, Made without Gluten-Containing Ingredients"
2026-04-23,Dinner,Sempio Mushrooms Bento,"Sempio mushrooms, white rice, sweet rice vinegar and chile-dressed cucumbers and carrots, salad greens, pickled ginger",8.75,"Vegan, Made without Gluten-Containing Ingredients"
2026-04-24,Dinner,Fish and Chips,"Battered and fried rockfish filet served over deep-fried potato wedges with tartar sauce, coleslaw, and lemon wedge",9.00,
2026-04-24,Dinner,Fried Tofu & Chips,"Battered and fried tofu, potato wedges, coleslaw, tartar sauce, lemon wedge",9.00,Vegan
2026-04-24,Dinner,Seared Pork Chop,"Pork chop, herbed quinoa, white rice, apple carrot slaw with raisins, and apple cider dressing, butternut squash and onions, green onion",9.00,"Made without Gluten-Containing Ingredients, Farm to Fork"
2026-04-24,Dinner,Roasted Mushrooms and Chickpeas,"Mushrooms and Chickpeas, herbed quinoa, white rice, apple carrot slaw with raisins and apple cider dressing, butternut squash and onions, green onion",8.75,"Vegan, Made without Gluten-Containing Ingredients"
2026-04-25,Dinner,Garlic Sausage over Wild Rice and Parmesan Fava Green Pesto,"Campfire pork sausage, wild rice and lentils, grilled asparagus, parmesan fava greens pesto sauce with garlic",9.00,Made without Gluten-Containing Ingredients
2026-04-25,Dinner,Beyond Sausage over Wild Rice and Lentils,"Roasted Beyond sausage meat, wild rice and lentils, grilled asparagus, parmesan fava greens pesto sauce with garlic",8.75,"Vegetarian, Made without Gluten-Containing Ingredients, Farm to Fork"
2026-04-25,Dinner,Schwarma Chicken over Quinoa Tabbouleh,"Roasted chicken thigh, tabbouleh with quinoa, tomato, cucumber, parsley, lemon and spiced pigeon peas, roasted zucchini and yellow squash, sumac onions cilantro relish",9.00,Made without Gluten-Containing Ingredients
2026-04-25,Dinner,Roasted Mushroom with Chickpeas,"Roasted portobello mushrooms with chickpeas, tabbouleh with quinoa, tomato, cucumber, parsley, lemon and spiced pigeon peas, roasted zucchini and yellow squash, sumac onions cilantro relish",8.75,"Vegan, Made without Gluten-Containing Ingredients"
2026-04-26,Dinner,Harissa Roasted Tofu,"Harissa roasted tofu served with turmeric rice pilaf and roasted root vegetables, with a cabbage and fennel slaw dressed with harissa lime dressing",8.75,Vegan
2026-04-26,Dinner,Sweet and Spicy Roasted Chicken Quarters,"Roasted bone-in chicken, russet potatoes wedges, artichoke mustard sauce, garlic green beans, chopped parsley",9.00,Made without Gluten-Containing Ingredients
2026-04-26,Dinner,Sweet and Spicy Roasted Tempeh,"Roasted tempeh, russet potatoes wedges, artichoke mustard sauce, garlic green beans, chopped parsley",8.75,"Vegan, Made without Gluten-Containing Ingredients"
2026-04-27,Dinner,Pork Sugo over Egg Noodles,"Braised pork with tomato sauce served over egg noodles with a garden side salad, balsamic vinaigrette, and garlic bread",9.00,Farm to Fork
2026-04-27,Dinner,Beyond Sugo over Egg Noodles,"Beyond Meat Sugo with tomato sauce served over egg noodles with a garden side salad, balsamic vinaigrette, and garlic bread",8.75,Vegetarian
2026-04-27,Dinner,Made without Gluten Pasta Available,,,Made without Gluten-Containing Ingredients
2026-04-27,Dinner,Rosemary Flank Steak Entree Salad,"Seared flank steak with balsamic mushrooms and asparagus, lemon herb potatoes and roasted red pepper coulis, arcadian greens",9.25,Made without Gluten-Containing Ingredients
2026-04-27,Dinner,Roasted Tempeh Entree Salad,"Roasted Tempeh with balsamic mushrooms and asparagus, lemon herb potatoes and roasted red pepper coulis, Arcadian greens",8.75,"Vegan, Made without Gluten-Containing Ingredients"
2026-04-28,Dinner,Braised Pork Tostada,"Braised pork, refried beans, salsa verde, avocado, shredded cabbage, sliced radish, cotija, crema, served with Spanish rice",9.00,
2026-04-28,Dinner,Braised Maitake Mushroom Tostada,"Braised maitake mushrooms, refried beans, salsa verde, avocado, shredded cabbage, sliced radish, cotija, crema, served with Spanish rice",9.00,Vegetarian
2026-04-28,Dinner,Root Beer Float,"TMK vanilla ice cream, A&W Root Beer",3.25,Made without Gluten-Containing Ingredients
2026-04-28,Dinner,Herb-Roasted Chicken,"Herb-roasted chicken, roasted green beans, cauliflower and grape tomatoes, rice pilaf, apple chutney",9.00,Made without Gluten-Containing Ingredients
2026-04-28,Dinner,Herb-Roasted Tempeh,"Herb-roasted tempeh, roasted green beans, cauliflower and grape tomatoes, rice pilaf, apple chutney",9.00,"Vegan, Made without Gluten-Containing Ingredients"
2026-04-29,Dinner,Smoked Barbecue Brisket,"Smoked beef brisket, corn on the cob, baked beans, coleslaw, pickles, white bread, barbecue sauce",9.25,
2026-04-29,Dinner,Smoked Barbecue Tofu,"Smoked tofu, corn on the cob, baked beans, coleslaw, pickles, white bread, barbecue sauce",8.75,Vegetarian
2026-04-29,Dinner,Berbere Roasted Chicken,"Berbere roasted chicken thigh, baked squash and red onions with a pomegranate red wine vinaigrette and herbs, basmati rice with pigeon peas.",9.00,Made without Gluten-Containing Ingredients
2026-04-30,Dinner,Butter Tofu Masala,"Tofu stewed in spiced tomato sauce, basmati rice, curry spiced cauliflower, onions, zucchini, peppers, cilantro, yogurt sauce, and flatbread",8.75,Vegetarian
2026-04-30,Dinner,Roasted Pork Chop over Polenta,"Brined and roasted pork chop, roasted peppers, onions, squash, broccoli, polenta, and a sweet apple cranberry sauce",9.00,"Made without Gluten-Containing Ingredients, Farm to Fork"
2026-04-30,Dinner,Eggplant Stew over Polenta,"Eggplant stew, roasted peppers, onions, squash, broccoli, polenta, and a sweet apple cranberry sauce",8.75,"Vegan, Made without Gluten-Containing Ingredients, Farm to Fork"
2026-05-01,Dinner,Fish and Chips,"Beer battered Pollock filet served over deep fried potato wedges with tartar sauce, coleslaw, and lemon wedge",9.00,
2026-05-01,Dinner,Fried Chik'n & Chips,"Fried chik'n, potato wedges, coleslaw, tartar sauce, lemon wedge",9.00,Vegan
2026-05-01,Dinner,Herb Roasted Chicken over Wild Rice Pilaf,"Herb Chicken thigh, asparagus and mushrooms, cauliflower, wild rice pilaf with carrot, celery and onions, arugula, marinated radish",9.00,"Made without Gluten-Containing Ingredients, Farm to Fork"
2026-05-01,Dinner,Chickpea Tempeh Cake,Chickpea tempeh cake,8.75,"Vegan, Made without Gluten-Containing Ingredients, Farm to Fork"
2026-05-02,Dinner,Bratwurst with Fettuccine Noodles,"Pork sausage bratwurst, fettuccine noodles, roasted mushrooms, peppers and onions, sweet and spicy tomato sauce",9.00,Farm to Fork
2026-05-02,Dinner,Beyond Sausage with Fettuccine Noodles,"Grilled beyond meat sausage, fettuccine noodles, roasted mushrooms, peppers and onions, sweet and spicy tomato sauce",8.75,Vegan
2026-05-02,Dinner,Lemon Roasted Chicken with Red Potatoes,"Lemon roasted chicken thigh, roasted red potatoes, roasted snap peas and broccoli, lemon dill vinaigrette",9.00,"Made without Gluten-Containing Ingredients, Farm to Fork"
2026-05-02,Dinner,Lemon Roasted Portobello Mushroom,"Roasted portobello mushroom, roasted red potatoes, roasted snap peas and broccoli, lemon dill vinaigrette",8.75,"Vegan, Made without Gluten-Containing Ingredients, Farm to Fork"
2026-05-03,Dinner,Seared Tofu over Mushroom Risotto,"Seared tofu served over mushroom risotto, roasted zucchini, squash, peppers and grape tomatoes, beurre blanc",8.75,"Vegetarian, Made without Gluten-Containing Ingredients"
2026-05-03,Dinner,Chipotle Chicken Bowl,"Roasted chipotle chicken, brown rice and black beans, served with shredded kale, carrots and citrus vinaigrette",9.00,Made without Gluten-Containing Ingredients
2026-05-03,Dinner,Chickpea Tempeh Bowl,"Roasted chipotle chickpea, brown rice and black beans, served with shredded kale, carrots and citrus vinaigrette",8.75,"Vegan, Made without Gluten-Containing Ingredients"
2026-05-04,Dinner,Chicken Over Pasta with Pesto Cream Sauce,"Herb chicken breast, pesto cream sauce, gemelli pasta, garlic bread, garden salad with Italian vinaigrette",9.00,
2026-05-04,Dinner,Gardein Chik'n over Pasta with Pesto Cream Sauce,"Chik'n patty, pesto cream sauce, gemelli pasta, garlic bread, garden salad with Italian vinaigrette",8.75,Vegetarian
2026-05-04,Dinner,Tuscan Roast Beef,"Garlic and herb roast beef, smashed gold potato, braised hearty greens, basil red pepper sauce, parsley",9.25,Made without Gluten-Containing Ingredients
2026-05-04,Dinner,Marinated Portobello,"Garlic and herb portobello mushrooms, smashed gold potato, braised hearty greens, basil red pepper sauce, parsley",8.75,"Vegan, Made without Gluten-Containing Ingredients"
2026-05-05,Dinner,Chipotle Fish Taco Bowl,"Chipotle-roasted cod, black beans, cilantro rice, shredded cabbage, cotija, sour cream, corn salsa, corn tortilla strips",9.25,"Made without Gluten-Containing Ingredients, Seafood Watch"
2026-05-05,Dinner,Tofu Sofrito Bowl,"Tofu sofrito, chipotle black beans, cilantro rice, shredded cabbage, cotija, sour cream, corn salsa, corn tortilla strips",8.75,"Vegetarian, Made without Gluten-Containing Ingredients"
2026-05-05,Dinner,Lemon Chicken and Cauliflower,"Garbanzo bean flour-coated chicken thigh, cauliflower rice, roasted garlic with roasted zucchini and squash topped with lemon dill sauce",9.00,Made without Gluten-Containing Ingredients
2026-05-05,Dinner,Citrus Lentil Tempeh,"Citrus lentil tempeh, cauliflower rice, roasted garlic with roasted zucchini and squash topped with lemon dill sauce",8.75,"Vegan, Made without Gluten-Containing Ingredients"
2026-05-06,Dinner,Fried Chicken & Mashed Potatoes,"Buttermilk fried chicken, mashed potatoes, country gravy, roasted garlic green beans & cherry tomatoes",9.00,
2026-05-06,Dinner,Fried Tofu & Mashed Potatoes,"Fried Tofu, mashed potatoes, country gravy, roasted garlic green beans & cherry tomatoes",9.00,Vegetarian
2026-05-06,Dinner,Tandoori-Style Chicken,"Yogurt marinated chicken thigh, yogurt basmati rice, roasted cauliflower, carrots, and squash, mint chutney",9.00,Made without Gluten-Containing Ingredients
2026-05-06,Dinner,Tandoori-Style Tofu,"Yogurt marinated tofu, yogurt basmati rice, roasted cauliflower, carrots, and squash, mint chutney",8.75,"Vegetarian, Made without Gluten-Containing Ingredients"
2026-05-06,Dinner,Mojo Pork with Pineapple Salsa,"Mojo pork with pineapple salsa, white rice and red beans, citrus red onion slaw, lime wedge",9.00,Made without Gluten-Containing Ingredients
2026-05-06,Dinner,Mojo Style Tempeh with Pineapple Salsa,"Mojo style seared tempeh with pineapple salsa, white rice and red beans, citrus slaw, lime wedge, pickled red onion",8.75,"Vegan, Made without Gluten-Containing Ingredients"
2026-05-07,Dinner,Tandoori-Style Chicken,"Yogurt-marinated chicken thigh, yogurt basmati rice, roasted cauliflower, carrots, squash, mint chutney",9.00,Made without Gluten-Containing Ingredients
2026-05-07,Dinner,Tandoori-Style Tofu,"Yogurt-marinated tofu, yogurt basmati rice, roasted cauliflower, carrots, squash, mint chutney",8.75,"Vegetarian, Made without Gluten-Containing Ingredients"
2026-05-08,Dinner,Fish and Chips,"Beer-battered Pollock filet served over deep-fried potato wedges with tartar sauce, coleslaw, and lemon wedge",9.00,
2026-05-08,Dinner,Fried Tofu & Chips,"Fried tofu, potato wedges, coleslaw, tartar sauce, lemon wedge",9.00,Vegan
2026-05-08,Dinner,Beef Brisket over Vegetable Quinoa,"Smoked beef brisket, quinoa with celery, carrots and onion, with kale, bell pepper, tomato, zucchini, squash, served with steak sauce",9.25,Made without Gluten-Containing Ingredients
2026-05-08,Dinner,Tempeh over Vegetable Quinoa,"Tempeh, quinoa with celery, carrots and onion, with kale, bell pepper, tomato, zucchini, squash, served with steak sauce",8.75,"Vegan, Made without Gluten-Containing Ingredients"
2026-05-09,Dinner,Santa Maria Steak with Black Bean and Corn Salsa,"Tri-tip, cilantro rice, pickled cabbage, corn and black bean salsa",9.25,Farm to Fork
2026-05-09,Dinner,Chile Rubbed Beyond Sausage,"Beyond sausage, cilantro rice, pickled cabbage, corn and black bean salsa",8.75,
2026-05-09,Dinner,Roman-Style Chicken Cacciatore with White Wine Sauce,"Chicken thigh with olives, mushrooms, fennel, white wine and herbs, roasted butternut squash with kale",9.00,"Made without Gluten-Containing Ingredients, Farm to Fork"
2026-05-09,Dinner,Herbed Chickpeas and Tempeh with Mushrooms,"Chickpea Tempeh with olives, mushrooms, fennel, white wine and herbs, roasted butternut squash with kale",8.75,"Vegan, Made without Gluten-Containing Ingredients, Farm to Fork"
2026-05-10,Dinner,Smoked chicken over Wild Rice,"Smoked chicken, wild rice, yellow squash, zucchini, grape tomatoes, brown sugar chili vinaigrette",9.25,"Made without Gluten-Containing Ingredients, In Balance, Seafood Watch"
2026-05-10,Dinner,Smoked Tofu over Wild Rice,"Smoked tofu, wild rice, yellow squash, zucchini, grape tomatoes, brown sugar chili vinaigrette",8.75,"Vegan, Made without Gluten-Containing Ingredients"
2026-05-10,Dinner,Korean Style Roast beef,"Sempio and gochujru roasted beef, white rice, marinated cucumbers and carrots, steamed cabbage, vegan kimchi",9.00,Made without Gluten-Containing Ingredients
2026-05-10,Dinner,Korean Style Roast Tempeh,"Sempio and gochujru roasted tempeh, white rice, marinated cucumbers and carrots, steamed cabbage, vegan kimchi",8.75,"Vegan, Made without Gluten-Containing Ingredients"
2026-05-11,Dinner,Italian Sausage Ragout over Pasta,"Pork sausage, tomatoes, onions, carrots, peppers, mushrooms, penne pasta, parmesan cheese and a side salad with a red wine vinaigrette",9.00,Farm to Fork
2026-05-11,Dinner,Lentil and Impossible Ragout over Pasta,"Lentil, Impossible meat, tomatoes, onions, carrots, peppers, mushrooms, penne pasta, and a side salad with a red wine vinaigrette",8.75,"Vegan, Farm to Fork"
2026-05-11,Dinner,Paprika-Braised Beef with Polenta,"Paprika-braised beef, onion and mushroom stew served over olive oil polenta with sauteed kale and Swiss chard",9.25,"Made without Gluten-Containing Ingredients, Farm to Fork"
2026-05-11,Dinner,Paprika-Braised Mushrooms over Polenta,Paprika-braised mushrooms served over olive oil polenta with sauteed kale and Swiss chard,8.75,"Vegan, Made without Gluten-Containing Ingredients, Farm to Fork"
2026-05-12,Dinner,Chipotle Chicken Bowl,"Chipotle braised chicken, roasted tomato salsa, cotija cheese, sour cream, shredded lettuce, chile roasted vegetables, cilantro rice, black beans",9.00,Farm to Fork
2026-05-12,Dinner,Chipotle Soy Curls and Mushrooms,"Chipotle soy curls with mushrooms, roasted tomato salsa, cotija cheese, sour cream, shredded lettuce, chile roasted vegetables, cilantro rice, black beans",8.75,"Vegetarian, Made without Gluten-Containing Ingredients"
2026-05-13,Dinner,Smoked Barbecue Pork,"Smoked pork butt, barbecue beans, sweet potato tots, coleslaw, and Carolina barbecue sauce",9.00,
2026-05-13,Dinner,Smoked Barbecue Beyond Meat Patty,"Smoked barbecue Beyond Meat patty, barbecue beans, sweet potato tots, coleslaw and Carolina barbecue sauce",8.75,Vegan
2026-05-14,Dinner,Chile Braised Pork Mac and Cheese Bar,"Chile braised pork, macaroni and cheese, fried onions, roasted corn salsa, sauteed vegetables, roasted salsa",9.00,
2026-05-14,Dinner,Beyond Sausage Mac and Cheese Bar,"Beyond Sausage, macaroni and cheese, fried onions, roasted corn salsa, sauteed vegetables, roasted salsa",9.00,Vegetarian
